file,depth,k,key
xeb_d01_c000.qasm,1,0,d01_c000
xeb_d01_c001.qasm,1,1,d01_c001
xeb_d01_c002.qasm,1,2,d01_c002
xeb_d01_c003.qasm,1,3,d01_c003
xeb_d01_c004.qasm,1,4,d01_c004
xeb_d01_c005.qasm,1,5,d01_c005
xeb_d01_c006.qasm,1,6,d01_c006
xeb_d01_c007.qasm,1,7,d01_c007
xeb_d01_c008.qasm,1,8,d01_c008
xeb_d01_c009.qasm,1,9,d01_c009
xeb_d01_c010.qasm,1,10,d01_c010
xeb_d01_c011.qasm,1,11,d01_c011
xeb_d01_c012.qasm,1,12,d01_c012
xeb_d01_c013.qasm,1,13,d01_c013
xeb_d01_c014.qasm,1,14,d01_c014
xeb_d01_c015.qasm,1,15,d01_c015
xeb_d01_c016.qasm,1,16,d01_c016
xeb_d01_c017.qasm,1,17,d01_c017
xeb_d01_c018.qasm,1,18,d01_c018
xeb_d01_c019.qasm,1,19,d01_c019
xeb_d02_c000.qasm,2,0,d02_c000
xeb_d02_c001.qasm,2,1,d02_c001
xeb_d02_c002.qasm,2,2,d02_c002
xeb_d02_c003.qasm,2,3,d02_c003
xeb_d02_c004.qasm,2,4,d02_c004
xeb_d02_c005.qasm,2,5,d02_c005
xeb_d02_c006.qasm,2,6,d02_c006
xeb_d02_c007.qasm,2,7,d02_c007
xeb_d02_c008.qasm,2,8,d02_c008
xeb_d02_c009.qasm,2,9,d02_c009
xeb_d02_c010.qasm,2,10,d02_c010
xeb_d02_c011.qasm,2,11,d02_c011
xeb_d02_c012.qasm,2,12,d02_c012
xeb_d02_c013.qasm,2,13,d02_c013
xeb_d02_c014.qasm,2,14,d02_c014
xeb_d02_c015.qasm,2,15,d02_c015
xeb_d02_c016.qasm,2,16,d02_c016
xeb_d02_c017.qasm,2,17,d02_c017
xeb_d02_c018.qasm,2,18,d02_c018
xeb_d02_c019.qasm,2,19,d02_c019
xeb_d03_c000.qasm,3,0,d03_c000
xeb_d03_c001.qasm,3,1,d03_c001
xeb_d03_c002.qasm,3,2,d03_c002
xeb_d03_c003.qasm,3,3,d03_c003
xeb_d03_c004.qasm,3,4,d03_c004
xeb_d03_c005.qasm,3,5,d03_c005
xeb_d03_c006.qasm,3,6,d03_c006
xeb_d03_c007.qasm,3,7,d03_c007
xeb_d03_c008.qasm,3,8,d03_c008
xeb_d03_c009.qasm,3,9,d03_c009
xeb_d03_c010.qasm,3,10,d03_c010
xeb_d03_c011.qasm,3,11,d03_c011
xeb_d03_c012.qasm,3,12,d03_c012
xeb_d03_c013.qasm,3,13,d03_c013
xeb_d03_c014.qasm,3,14,d03_c014
xeb_d03_c015.qasm,3,15,d03_c015
xeb_d03_c016.qasm,3,16,d03_c016
xeb_d03_c017.qasm,3,17,d03_c017
xeb_d03_c018.qasm,3,18,d03_c018
xeb_d03_c019.qasm,3,19,d03_c019
xeb_d04_c000.qasm,4,0,d04_c000
xeb_d04_c001.qasm,4,1,d04_c001
xeb_d04_c002.qasm,4,2,d04_c002
xeb_d04_c003.qasm,4,3,d04_c003
xeb_d04_c004.qasm,4,4,d04_c004
xeb_d04_c005.qasm,4,5,d04_c005
xeb_d04_c006.qasm,4,6,d04_c006
xeb_d04_c007.qasm,4,7,d04_c007
xeb_d04_c008.qasm,4,8,d04_c008
xeb_d04_c009.qasm,4,9,d04_c009
xeb_d04_c010.qasm,4,10,d04_c010
xeb_d04_c011.qasm,4,11,d04_c011
xeb_d04_c012.qasm,4,12,d04_c012
xeb_d04_c013.qasm,4,13,d04_c013
xeb_d04_c014.qasm,4,14,d04_c014
xeb_d04_c015.qasm,4,15,d04_c015
xeb_d04_c016.qasm,4,16,d04_c016
xeb_d04_c017.qasm,4,17,d04_c017
xeb_d04_c018.qasm,4,18,d04_c018
xeb_d04_c019.qasm,4,19,d04_c019
xeb_d05_c000.qasm,5,0,d05_c000
xeb_d05_c001.qasm,5,1,d05_c001
xeb_d05_c002.qasm,5,2,d05_c002
xeb_d05_c003.qasm,5,3,d05_c003
xeb_d05_c004.qasm,5,4,d05_c004
xeb_d05_c005.qasm,5,5,d05_c005
xeb_d05_c006.qasm,5,6,d05_c006
xeb_d05_c007.qasm,5,7,d05_c007
xeb_d05_c008.qasm,5,8,d05_c008
xeb_d05_c009.qasm,5,9,d05_c009
xeb_d05_c010.qasm,5,10,d05_c010
xeb_d05_c011.qasm,5,11,d05_c011
xeb_d05_c012.qasm,5,12,d05_c012
xeb_d05_c013.qasm,5,13,d05_c013
xeb_d05_c014.qasm,5,14,d05_c014
xeb_d05_c015.qasm,5,15,d05_c015
xeb_d05_c016.qasm,5,16,d05_c016
xeb_d05_c017.qasm,5,17,d05_c017
xeb_d05_c018.qasm,5,18,d05_c018
xeb_d05_c019.qasm,5,19,d05_c019
xeb_d06_c000.qasm,6,0,d06_c000
xeb_d06_c001.qasm,6,1,d06_c001
xeb_d06_c002.qasm,6,2,d06_c002
xeb_d06_c003.qasm,6,3,d06_c003
xeb_d06_c004.qasm,6,4,d06_c004
xeb_d06_c005.qasm,6,5,d06_c005
xeb_d06_c006.qasm,6,6,d06_c006
xeb_d06_c007.qasm,6,7,d06_c007
xeb_d06_c008.qasm,6,8,d06_c008
xeb_d06_c009.qasm,6,9,d06_c009
xeb_d06_c010.qasm,6,10,d06_c010
xeb_d06_c011.qasm,6,11,d06_c011
xeb_d06_c012.qasm,6,12,d06_c012
xeb_d06_c013.qasm,6,13,d06_c013
xeb_d06_c014.qasm,6,14,d06_c014
xeb_d06_c015.qasm,6,15,d06_c015
xeb_d06_c016.qasm,6,16,d06_c016
xeb_d06_c017.qasm,6,17,d06_c017
xeb_d06_c018.qasm,6,18,d06_c018
xeb_d06_c019.qasm,6,19,d06_c019
